grupo,arquivo_final,livros,livros_convertidos,paginas
00 - Arquivos pessoais (Elvis Pimentel),00 - Arquivos pessoais (Elvis Pimentel)_lote_001_fc47fe.pdf,23,0,2199
00 - Arquivos pessoais (Elvis Pimentel),00 - Arquivos pessoais (Elvis Pimentel)_lote_002_be4e4a.pdf,6,0,266
Cabala e Misticismo,Cabala e Misticismo_lote_001_92a383.pdf,8,0,923
Cabala e Misticismo,Cabala e Misticismo_lote_002_eb73ce.pdf,9,0,1151
Cabala e Misticismo,Cabala e Misticismo_lote_003_42334c.pdf,6,0,1133
Cabala e Misticismo,Cabala e Misticismo_lote_004_3e01ab.pdf,6,0,1032
Cabala e Misticismo,Cabala e Misticismo_lote_005_83fb32.pdf,7,0,1607
Cabala e Misticismo,Cabala e Misticismo_lote_006_6bb144.pdf,7,0,1287
Cabala e Misticismo,Cabala e Misticismo_lote_007_db07e6.pdf,14,0,1276
Cabala e Misticismo,Cabala e Misticismo_lote_008_9eaf08.pdf,9,0,1443
Cabala e Misticismo,Cabala e Misticismo_lote_009_90e70f.pdf,8,0,1501
Cabala e Misticismo,Cabala e Misticismo_lote_010_bb774c.pdf,5,0,1069
Cabala e Misticismo,Cabala e Misticismo_lote_011_89c9ff.pdf,12,0,993
Cabala e Misticismo,Cabala e Misticismo_lote_012_0349aa.pdf,2,0,1029
Cabala e Misticismo,Cabala e Misticismo_lote_013_7300f7.pdf,7,0,972
Cabala e Misticismo,Cabala e Misticismo_lote_014_1db9a1.pdf,5,0,966
Cabala e Misticismo,Cabala e Misticismo_lote_015_818751.pdf,2,0,565
Cabala e Misticismo,Cabala e Misticismo_lote_016_39bfd8.pdf,1,0,710
Cabala e Misticismo,Cabala e Misticismo_lote_017_51bd75.pdf,2,0,656
Cabala e Misticismo,Cabala e Misticismo_lote_018_3e4db4.pdf,1,0,388
Cabala e Misticismo,Cabala e Misticismo_lote_019_02c5dc.pdf,7,0,1065
Cabala e Misticismo,Cabala e Misticismo_lote_020_afd26b.pdf,11,0,1270
Cabala e Misticismo,Cabala e Misticismo_lote_021_bb1599.pdf,6,0,1186
Cabala e Misticismo,Cabala e Misticismo_lote_022_6f8a99.pdf,5,0,999
Cabala e Misticismo,Cabala e Misticismo_lote_023_ec9225.pdf,6,0,900
Cabala e Misticismo,Cabala e Misticismo_lote_024_13d606.pdf,6,0,1051
Cabala e Misticismo,Cabala e Misticismo_lote_025_cb3bbb.pdf,9,0,1271
Cabala e Misticismo,Cabala e Misticismo_lote_026_0a1b8a.pdf,9,0,918
Cabala e Misticismo,Cabala e Misticismo_lote_027_7980be.pdf,5,0,598
Cabala e Misticismo,Cabala e Misticismo_lote_028_e749ab.pdf,5,0,917
Cabala e Misticismo,Cabala e Misticismo_lote_029_886b60.pdf,6,0,513
Cabala e Misticismo,Cabala e Misticismo_lote_030_23be2e.pdf,8,0,1194
Cabala e Misticismo,Cabala e Misticismo_lote_031_1181db.pdf,6,0,1219
Cabala e Misticismo,Cabala e Misticismo_lote_032_b7f0d9.pdf,6,0,1426
Cabala e Misticismo,Cabala e Misticismo_lote_033_df5a84.pdf,1,0,668
Cabala e Misticismo,Cabala e Misticismo_lote_034_41d65e.pdf,3,0,267
Cabala e Misticismo,Cabala e Misticismo_lote_035_8e01b5.pdf,3,0,999
Cabala e Misticismo,Cabala e Misticismo_lote_036_c9a68c.pdf,6,0,1751
Cabala e Misticismo,Cabala e Misticismo_lote_037_6334a2.pdf,4,0,972
Cabala e Misticismo,Cabala e Misticismo_lote_038_7fc8c8.pdf,2,0,526
Cabala e Misticismo,Cabala e Misticismo_lote_039_1e308b.pdf,8,0,1138
Cabala e Misticismo,Cabala e Misticismo_lote_040_41ed2a.pdf,5,0,821
Cabala e Misticismo,Cabala e Misticismo_lote_041_e34161.pdf,6,0,1006
Cabala e Misticismo,Cabala e Misticismo_lote_042_efa555.pdf,9,0,1348
Cabala e Misticismo,Cabala e Misticismo_lote_043_381d18.pdf,8,0,1145
Cabala e Misticismo,Cabala e Misticismo_lote_044_a561d5.pdf,8,0,733
Cabala e Misticismo,Cabala e Misticismo_lote_045_2d88c7.pdf,8,0,1418
Cabala e Misticismo,Cabala e Misticismo_lote_046_c1ccd6.pdf,6,0,1176
Cabala e Misticismo,Cabala e Misticismo_lote_047_ed33bb.pdf,4,0,763
Cabala e Misticismo,Cabala e Misticismo_lote_048_a64f17.pdf,7,0,1281
Cabala e Misticismo,Cabala e Misticismo_lote_049_79d972.pdf,7,6,1234
Cabala e Misticismo,Cabala e Misticismo_lote_050_43ba9a.pdf,8,8,1181
Cabala e Misticismo,Cabala e Misticismo_lote_051_674182.pdf,11,11,1229
Cabala e Misticismo,Cabala e Misticismo_lote_052_25037a.pdf,8,8,670
Desenvolvimento Pessoal,Desenvolvimento Pessoal_lote_001_9f2e40.pdf,14,0,1180
Desenvolvimento Pessoal,Desenvolvimento Pessoal_lote_002_2627b0.pdf,26,0,1486
Desenvolvimento Pessoal,Desenvolvimento Pessoal_lote_003_2b9fe8.pdf,27,0,1602
Desenvolvimento Pessoal,Desenvolvimento Pessoal_lote_004_2b08b7.pdf,7,0,1003
Desenvolvimento Pessoal,Desenvolvimento Pessoal_lote_005_c66705.pdf,6,0,1140
Desenvolvimento Pessoal,Desenvolvimento Pessoal_lote_006_83ceb0.pdf,5,0,1443
Desenvolvimento Pessoal,Desenvolvimento Pessoal_lote_007_f6d237.pdf,8,0,1794
Desenvolvimento Pessoal,Desenvolvimento Pessoal_lote_008_8d03df.pdf,9,0,1329
Desenvolvimento Pessoal,Desenvolvimento Pessoal_lote_009_d7d696.pdf,1,0,459
Desenvolvimento Pessoal,Desenvolvimento Pessoal_lote_010_9de542.pdf,1,0,955
Desenvolvimento Pessoal,Desenvolvimento Pessoal_lote_011_8ba03a.pdf,3,0,1332
Desenvolvimento Pessoal,Desenvolvimento Pessoal_lote_012_107957.pdf,8,0,1632
Desenvolvimento Pessoal,Desenvolvimento Pessoal_lote_013_8d5a78.pdf,4,0,1360
Desenvolvimento Pessoal,Desenvolvimento Pessoal_lote_014_eba58d.pdf,7,0,1127
Desenvolvimento Pessoal,Desenvolvimento Pessoal_lote_015_afad6e.pdf,8,0,1563
Desenvolvimento Pessoal,Desenvolvimento Pessoal_lote_016_92d298.pdf,7,0,1401
Desenvolvimento Pessoal,Desenvolvimento Pessoal_lote_017_c901b4.pdf,7,0,1792
Desenvolvimento Pessoal,Desenvolvimento Pessoal_lote_018_3e723a.pdf,3,0,1870
Desenvolvimento Pessoal,Desenvolvimento Pessoal_lote_019_6173fb.pdf,13,0,1998
Desenvolvimento Pessoal,Desenvolvimento Pessoal_lote_020_1f184c.pdf,9,0,1119
Desenvolvimento Pessoal,Desenvolvimento Pessoal_lote_021_72a996.pdf,7,0,930
Desenvolvimento Pessoal,Desenvolvimento Pessoal_lote_022_5990ec.pdf,9,0,1258
Desenvolvimento Pessoal,Desenvolvimento Pessoal_lote_023_ac664f.pdf,7,0,1179
Desenvolvimento Pessoal,Desenvolvimento Pessoal_lote_024_7943ac.pdf,6,0,1179
Desenvolvimento Pessoal,Desenvolvimento Pessoal_lote_025_40fbd9.pdf,10,0,2312
Desenvolvimento Pessoal,Desenvolvimento Pessoal_lote_026_be3c97.pdf,9,0,1539
Desenvolvimento Pessoal,Desenvolvimento Pessoal_lote_027_9d7921.pdf,25,18,1550
Desenvolvimento Pessoal,Desenvolvimento Pessoal_lote_028_a8f885.pdf,5,5,973
Filosofia,Filosofia_lote_001_eb4c82.pdf,8,0,914
Filosofia,Filosofia_lote_002_d28723.pdf,5,0,687
Filosofia,Filosofia_lote_003_336f00.pdf,8,0,1147
Filosofia,Filosofia_lote_004_6d9591.pdf,7,0,750
Filosofia,Filosofia_lote_005_62ff6c.pdf,4,0,979
Filosofia,Filosofia_lote_006_3879b9.pdf,11,0,1146
Filosofia,Filosofia_lote_007_faa085.pdf,11,1,1508
Filosofia,Filosofia_lote_008_9e9d22.pdf,5,5,385
Física Quântica e Ciência,Física Quântica e Ciência_lote_001_6d1bc8.pdf,5,0,1329
Física Quântica e Ciência,Física Quântica e Ciência_lote_002_529fdb.pdf,7,0,1021
Física Quântica e Ciência,Física Quântica e Ciência_lote_003_4a738c.pdf,6,0,1205
Física Quântica e Ciência,Física Quântica e Ciência_lote_004_870158.pdf,2,0,667
Física Quântica e Ciência,Física Quântica e Ciência_lote_005_d09b56.pdf,2,0,961
Física Quântica e Ciência,Física Quântica e Ciência_lote_006_edeb1b.pdf,4,0,1121
Física Quântica e Ciência,Física Quântica e Ciência_lote_007_25492c.pdf,4,0,1054
Física Quântica e Ciência,Física Quântica e Ciência_lote_008_b066d4.pdf,3,0,969
Física Quântica e Ciência,Física Quântica e Ciência_lote_009_7b7ecd.pdf,6,0,1112
Física Quântica e Ciência,Física Quântica e Ciência_lote_010_9838b5.pdf,5,4,762
Hermetismo e Esoterismo,Hermetismo e Esoterismo_lote_001_780881.pdf,19,0,1254
Hermetismo e Esoterismo,Hermetismo e Esoterismo_lote_002_df7ae3.pdf,8,0,803
Hermetismo e Esoterismo,Hermetismo e Esoterismo_lote_003_ff3e3c.pdf,8,0,1418
Hermetismo e Esoterismo,Hermetismo e Esoterismo_lote_004_4cb9ba.pdf,16,0,955
Hermetismo e Esoterismo,Hermetismo e Esoterismo_lote_005_02aeed.pdf,15,0,1112
Hermetismo e Esoterismo,Hermetismo e Esoterismo_lote_006_bbe163.pdf,8,0,1016
Hermetismo e Esoterismo,Hermetismo e Esoterismo_lote_007_3e0fcd.pdf,2,0,1426
Hermetismo e Esoterismo,Hermetismo e Esoterismo_lote_008_8be275.pdf,3,0,774
Hermetismo e Esoterismo,Hermetismo e Esoterismo_lote_009_3e9f01.pdf,25,0,1803
Hermetismo e Esoterismo,Hermetismo e Esoterismo_lote_010_e88c48.pdf,4,0,944
Hermetismo e Esoterismo,Hermetismo e Esoterismo_lote_011_dd04a2.pdf,8,0,1436
Hermetismo e Esoterismo,Hermetismo e Esoterismo_lote_012_f54969.pdf,11,0,1089
Hermetismo e Esoterismo,Hermetismo e Esoterismo_lote_013_e36531.pdf,7,0,1048
Hermetismo e Esoterismo,Hermetismo e Esoterismo_lote_014_0aadd0.pdf,7,0,1121
Hermetismo e Esoterismo,Hermetismo e Esoterismo_lote_015_f346b2.pdf,8,0,1401
Hermetismo e Esoterismo,Hermetismo e Esoterismo_lote_016_aa6213.pdf,4,0,1111
Hermetismo e Esoterismo,Hermetismo e Esoterismo_lote_017_4810c3.pdf,6,0,887
Hermetismo e Esoterismo,Hermetismo e Esoterismo_lote_018_85ab05.pdf,11,0,1284
Hermetismo e Esoterismo,Hermetismo e Esoterismo_lote_019_0801da.pdf,7,0,877
Hermetismo e Esoterismo,Hermetismo e Esoterismo_lote_020_16aff3.pdf,6,0,1244
Hermetismo e Esoterismo,Hermetismo e Esoterismo_lote_021_186cf0.pdf,6,0,1353
Hermetismo e Esoterismo,Hermetismo e Esoterismo_lote_022_ea6bcb.pdf,15,0,1317
Hermetismo e Esoterismo,Hermetismo e Esoterismo_lote_023_bc1021.pdf,10,0,1302
Hermetismo e Esoterismo,Hermetismo e Esoterismo_lote_024_6da1d1.pdf,5,0,687
Hermetismo e Esoterismo,Hermetismo e Esoterismo_lote_025_ba9f47.pdf,5,0,963
Hermetismo e Esoterismo,Hermetismo e Esoterismo_lote_026_cdc93f.pdf,4,0,903
Hermetismo e Esoterismo,Hermetismo e Esoterismo_lote_027_e2c7fd.pdf,7,0,1090
Hermetismo e Esoterismo,Hermetismo e Esoterismo_lote_028_c0096b.pdf,4,0,540
Hermetismo e Esoterismo,Hermetismo e Esoterismo_lote_029_a95bb1.pdf,8,0,1216
Hermetismo e Esoterismo,Hermetismo e Esoterismo_lote_030_d61e35.pdf,10,0,1452
Hermetismo e Esoterismo,Hermetismo e Esoterismo_lote_031_e5b2f2.pdf,11,0,1063
Hermetismo e Esoterismo,Hermetismo e Esoterismo_lote_032_9a3788.pdf,4,0,633
Hermetismo e Esoterismo,Hermetismo e Esoterismo_lote_033_317277.pdf,7,0,1266
Hermetismo e Esoterismo,Hermetismo e Esoterismo_lote_034_a823f2.pdf,8,0,877
Hermetismo e Esoterismo,Hermetismo e Esoterismo_lote_035_c1621e.pdf,7,0,1021
Hermetismo e Esoterismo,Hermetismo e Esoterismo_lote_036_7d8c7a.pdf,8,1,1249
Hermetismo e Esoterismo,Hermetismo e Esoterismo_lote_037_32e64d.pdf,11,11,1130
Hermetismo e Esoterismo,Hermetismo e Esoterismo_lote_038_0a7737.pdf,9,9,1052
Hermetismo e Esoterismo,Hermetismo e Esoterismo_lote_039_9e7827.pdf,4,4,434
História e Sociedade,História e Sociedade_lote_001_8b9c6a.pdf,3,0,1100
História e Sociedade,História e Sociedade_lote_002_574878.pdf,1,0,992
História e Sociedade,História e Sociedade_lote_003_a542d5.pdf,1,0,1034
História e Sociedade,História e Sociedade_lote_004_af104a.pdf,1,0,873
História e Sociedade,História e Sociedade_lote_005_6d59b1.pdf,1,0,1022
História e Sociedade,História e Sociedade_lote_006_29e338.pdf,3,0,1150
História e Sociedade,História e Sociedade_lote_007_812968.pdf,2,0,1079
História e Sociedade,História e Sociedade_lote_008_ee8b0b.pdf,4,0,1014
História e Sociedade,História e Sociedade_lote_009_ab4261.pdf,4,0,952
História e Sociedade,História e Sociedade_lote_010_e9b8dd.pdf,8,0,1382
História e Sociedade,História e Sociedade_lote_011_a15f50.pdf,6,0,1330
História e Sociedade,História e Sociedade_lote_012_217a7c.pdf,3,0,946
História e Sociedade,História e Sociedade_lote_013_2b504d.pdf,5,0,1333
História e Sociedade,História e Sociedade_lote_014_060c62.pdf,6,0,983
História e Sociedade,História e Sociedade_lote_015_9710d3.pdf,8,0,990
História e Sociedade,História e Sociedade_lote_016_6895a4.pdf,1,0,149
Psicologia e Arquétipos,Psicologia e Arquétipos_lote_001_998f42.pdf,12,0,1418
Psicologia e Arquétipos,Psicologia e Arquétipos_lote_002_537aa8.pdf,4,0,1110
Psicologia e Arquétipos,Psicologia e Arquétipos_lote_003_b8ed1d.pdf,2,0,622
Psicologia e Arquétipos,Psicologia e Arquétipos_lote_004_10d2ad.pdf,5,0,1070
Psicologia e Arquétipos,Psicologia e Arquétipos_lote_005_5c2b60.pdf,2,0,553
Psicologia e Arquétipos,Psicologia e Arquétipos_lote_006_b9dd07.pdf,3,0,804
Psicologia e Arquétipos,Psicologia e Arquétipos_lote_007_b2aaac.pdf,3,0,1098
Psicologia e Arquétipos,Psicologia e Arquétipos_lote_008_9402ef.pdf,5,0,1195
Psicologia e Arquétipos,Psicologia e Arquétipos_lote_009_5691ba.pdf,6,0,1268
Psicologia e Arquétipos,Psicologia e Arquétipos_lote_010_045af1.pdf,5,0,1033
Psicologia e Arquétipos,Psicologia e Arquétipos_lote_011_885da8.pdf,6,0,1783
Psicologia e Arquétipos,Psicologia e Arquétipos_lote_012_93cb45.pdf,5,0,1032
Psicologia e Arquétipos,Psicologia e Arquétipos_lote_013_f0969a.pdf,3,0,755
Psicologia e Arquétipos,Psicologia e Arquétipos_lote_014_f807dd.pdf,2,0,708
Psicologia e Arquétipos,Psicologia e Arquétipos_lote_015_fdb775.pdf,6,0,1175
Psicologia e Arquétipos,Psicologia e Arquétipos_lote_016_bdddd7.pdf,2,0,771
Religião e Teologia,Religião e Teologia_lote_001_a8bbd8.pdf,53,0,1786
Religião e Teologia,Religião e Teologia_lote_002_ee8a19.pdf,11,0,1856
Religião e Teologia,Religião e Teologia_lote_003_40801e.pdf,9,0,1264
Religião e Teologia,Religião e Teologia_lote_004_226cd7.pdf,2,0,709
Religião e Teologia,Religião e Teologia_lote_005_c992fd.pdf,3,0,809
Religião e Teologia,Religião e Teologia_lote_006_6b2036.pdf,8,0,802
Religião e Teologia,Religião e Teologia_lote_007_377c9e.pdf,6,0,1028
Religião e Teologia,Religião e Teologia_lote_008_3bff3c.pdf,9,0,1114
Religião e Teologia,Religião e Teologia_lote_009_174b02.pdf,9,1,883
Religião e Teologia,Religião e Teologia_lote_010_78bbe5.pdf,1,1,275
Saúde e Corpo,Saúde e Corpo_lote_001_2beea2.pdf,6,0,880
Saúde e Corpo,Saúde e Corpo_lote_002_93ba77.pdf,11,0,1134
Saúde e Corpo,Saúde e Corpo_lote_003_132d9f.pdf,14,0,1083
Saúde e Corpo,Saúde e Corpo_lote_004_4cd602.pdf,9,0,1523
Saúde e Corpo,Saúde e Corpo_lote_005_d22c3f.pdf,8,0,1198
Saúde e Corpo,Saúde e Corpo_lote_006_4a4b6d.pdf,8,2,1270
Saúde e Corpo,Saúde e Corpo_lote_007_6bf092.pdf,2,2,29
Sem tema,Sem tema_lote_001_d7a1f7.pdf,25,0,1996
Sem tema,Sem tema_lote_002_be1b47.pdf,19,0,1723
Sem tema,Sem tema_lote_003_29d242.pdf,22,0,1862
Sem tema,Sem tema_lote_004_426e87.pdf,10,0,1448
Sem tema,Sem tema_lote_005_880610.pdf,14,0,662
Sem tema,Sem tema_lote_006_270940.pdf,1,0,1204
Sem tema,Sem tema_lote_007_96dac6.pdf,8,0,1671
Sem tema,Sem tema_lote_008_32a266.pdf,6,0,377
Sem tema,Sem tema_lote_009_44690c.pdf,1,0,462
Sem tema,Sem tema_lote_010_e0b36b.pdf,6,0,1132
Sem tema,Sem tema_lote_011_d9dd24.pdf,17,0,1490
Sem tema,Sem tema_lote_012_587402.pdf,11,0,972
Sem tema,Sem tema_lote_013_8c465a.pdf,12,0,1410
Sem tema,Sem tema_lote_014_731342.pdf,14,0,1277
Sem tema,Sem tema_lote_015_7b292d.pdf,6,0,956
Sem tema,Sem tema_lote_016_c810b8.pdf,11,0,1123
Sem tema,Sem tema_lote_017_3ec867.pdf,14,0,1515
Sem tema,Sem tema_lote_018_a3b165.pdf,5,0,409
Sem tema,Sem tema_lote_019_4bd3c9.pdf,1,0,482
Sem tema,Sem tema_lote_020_2fd2ab.pdf,19,0,1791
Sem tema,Sem tema_lote_021_1b9293.pdf,18,0,1444
Sem tema,Sem tema_lote_022_3a2c94.pdf,14,0,1366
Sem tema,Sem tema_lote_023_87eb1d.pdf,9,0,1213
Sem tema,Sem tema_lote_024_c2c24e.pdf,10,0,710
Sem tema,Sem tema_lote_025_2ccc15.pdf,5,0,1463
Sem tema,Sem tema_lote_026_51d862.pdf,15,0,1630
Sem tema,Sem tema_lote_027_f98dd3.pdf,23,0,1372
Sem tema,Sem tema_lote_028_dceb55.pdf,64,0,1316
Sem tema,Sem tema_lote_029_1f554b.pdf,12,0,1402
Sem tema,Sem tema_lote_030_853f0f.pdf,4,0,640
Sem tema,Sem tema_lote_031_ed2c3e.pdf,28,0,1609
Sem tema,Sem tema_lote_032_18243f.pdf,9,0,1398
Sem tema,Sem tema_lote_034_c44da4.pdf,9,0,1233
Sem tema,Sem tema_lote_035_02919f.pdf,12,0,1207
Sem tema,Sem tema_lote_036_0e2f1d.pdf,3,0,1341
Sem tema,Sem tema_lote_037_df9510.pdf,8,0,1064
Sem tema,Sem tema_lote_038_b0794e.pdf,75,0,1024
Sem tema,Sem tema_lote_039_4292ff.pdf,14,0,1039
Sem tema,Sem tema_lote_040_67948f.pdf,18,0,1245
Sem tema,Sem tema_lote_041_d346c1.pdf,15,0,873
Sem tema,Sem tema_lote_042_5c07d7.pdf,7,0,1438
Sem tema,Sem tema_lote_043_ec1f0b.pdf,4,0,835
Sem tema,Sem tema_lote_044_9d9c26.pdf,14,0,1017
Sem tema,Sem tema_lote_045_26622b.pdf,19,0,1549
Sem tema,Sem tema_lote_046_9827cc.pdf,23,0,1756
Sem tema,Sem tema_lote_047_2c67ab.pdf,21,0,1119
Sem tema,Sem tema_lote_048_3038dd.pdf,19,0,1537
Sem tema,Sem tema_lote_049_19a766.pdf,23,0,2290
Sem tema,Sem tema_lote_050_e38cfb.pdf,16,0,1179
Sem tema,Sem tema_lote_051_93bccf.pdf,8,0,1596
Sem tema,Sem tema_lote_052_ab222f.pdf,38,0,1711
Sem tema,Sem tema_lote_053_7bba8a.pdf,49,0,2208
Sem tema,Sem tema_lote_054_c21882.pdf,8,0,1451
Sem tema,Sem tema_lote_055_adbb40.pdf,5,0,1608
Sem tema,Sem tema_lote_056_890a9a.pdf,9,0,1097
Sem tema,Sem tema_lote_057_148ed1.pdf,40,0,1478
Sem tema,Sem tema_lote_058_c0d540.pdf,76,0,1869
Sem tema,Sem tema_lote_059_2c64df.pdf,15,0,1542
Sem tema,Sem tema_lote_060_09e2bc.pdf,2,0,700
Sem tema,Sem tema_lote_061_f159ca.pdf,6,0,1019
Sem tema,Sem tema_lote_062_9b7b39.pdf,22,0,1146
Sem tema,Sem tema_lote_063_2b0d0e.pdf,5,0,1103
Sem tema,Sem tema_lote_064_b9274d.pdf,21,0,1360
Sem tema,Sem tema_lote_065_8af4bf.pdf,5,0,989
Sem tema,Sem tema_lote_066_21aa3e.pdf,26,0,1725
Sem tema,Sem tema_lote_067_70bc5d.pdf,10,0,1109
Sem tema,Sem tema_lote_068_c5f4d4.pdf,2,0,797
Sem tema,Sem tema_lote_069_e15197.pdf,7,0,1287
Sem tema,Sem tema_lote_070_e70369.pdf,6,0,1055
Sem tema,Sem tema_lote_071_fccf4b.pdf,7,0,1291
Sem tema,Sem tema_lote_072_18e449.pdf,9,0,837
Sem tema,Sem tema_lote_073_14eb5c.pdf,7,0,1187
Sem tema,Sem tema_lote_074_888eb9.pdf,13,0,1244
Sem tema,Sem tema_lote_075_a97439.pdf,6,0,988
Sem tema,Sem tema_lote_076_900687.pdf,1,0,484
Sem tema,Sem tema_lote_077_6b76f0.pdf,2,0,971
Sem tema,Sem tema_lote_078_f7b9ff.pdf,2,0,466
Sem tema,Sem tema_lote_079_236c0b.pdf,1,0,958
Sem tema,Sem tema_lote_080_a05db5.pdf,3,0,607
Sem tema,Sem tema_lote_081_f6c418.pdf,1,0,1505
Sem tema,Sem tema_lote_082_53d93c.pdf,3,0,905
Sem tema,Sem tema_lote_083_de7df0.pdf,7,0,1371
Sem tema,Sem tema_lote_084_49c184.pdf,8,0,970
Sem tema,Sem tema_lote_085_a4cf19.pdf,4,0,1108
Sem tema,Sem tema_lote_086_7c9179.pdf,5,0,1107
Sem tema,Sem tema_lote_087_755c11.pdf,3,0,886
Sem tema,Sem tema_lote_088_b0add3.pdf,4,0,952
Sem tema,Sem tema_lote_089_8410a1.pdf,2,0,705
Sem tema,Sem tema_lote_090_c358cd.pdf,2,0,1137
Sem tema,Sem tema_lote_091_81e7af.pdf,3,0,1159
Sem tema,Sem tema_lote_092_6af579.pdf,5,0,1296
Sem tema,Sem tema_lote_093_8128ee.pdf,5,0,1547
Sem tema,Sem tema_lote_094_3e1ed2.pdf,3,0,1135
Sem tema,Sem tema_lote_095_03ea2c.pdf,3,0,838
Sem tema,Sem tema_lote_096_3a70fe.pdf,5,0,1165
Sem tema,Sem tema_lote_097_90962c.pdf,4,0,996
Sem tema,Sem tema_lote_098_49df60.pdf,2,0,458
Sem tema,Sem tema_lote_099_095ec0.pdf,2,0,861
Sem tema,Sem tema_lote_100_c85b26.pdf,4,0,1027
Sem tema,Sem tema_lote_101_8f6935.pdf,3,0,1244
Sem tema,Sem tema_lote_102_d77787.pdf,6,0,1427
Sem tema,Sem tema_lote_103_aecf54.pdf,5,0,1170
Sem tema,Sem tema_lote_104_214f09.pdf,3,0,963
Sem tema,Sem tema_lote_105_0972a7.pdf,4,0,1197
Sem tema,Sem tema_lote_106_45592b.pdf,33,33,1355
Sem tema,Sem tema_lote_107_6539bb.pdf,39,39,1560
Sem tema,Sem tema_lote_108_c29ea6.pdf,27,27,1359
Sem tema,Sem tema_lote_109_d3f423.pdf,133,133,1497
Sem tema,Sem tema_lote_110_692a07.pdf,11,11,875
Sem tema,Sem tema_lote_111_0b52a4.pdf,3,3,601
Vendas e Negócios,Vendas e Negócios_lote_001_bb540a.pdf,47,0,2056
Vendas e Negócios,Vendas e Negócios_lote_002_4ad670.pdf,52,0,1963
Vendas e Negócios,Vendas e Negócios_lote_003_2606be.pdf,19,0,1625
Vendas e Negócios,Vendas e Negócios_lote_004_bf12ac.pdf,9,0,1586
Vendas e Negócios,Vendas e Negócios_lote_005_7790d3.pdf,5,0,1066
Vendas e Negócios,Vendas e Negócios_lote_006_f6afde.pdf,5,0,1383
Vendas e Negócios,Vendas e Negócios_lote_007_e891c2.pdf,6,0,1494
Vendas e Negócios,Vendas e Negócios_lote_008_9d81c7.pdf,124,122,1738
