motivo,livro,pasta,detalhe
Arquivo vazio (0 byte) — reenviar,Icon_,Livros/Curso de Hipnose/Curso Elvis Pimentel/Cursos que pensei em criar/Primeiras Ideias de Curso/Aumente suas vendas on-line/5 - Sales Page/css,Livros/Curso de Hipnose/Curso Elvis Pimentel/Cursos que pensei em criar/Primeiras Ideias de Curso/Aumente suas vendas on
Arquivo vazio (0 byte) — reenviar,Icon_,Livros/Curso de Hipnose/Curso Elvis Pimentel/Cursos que pensei em criar/Primeiras Ideias de Curso/Aumente suas vendas on-line/5 - Sales Page/images,Livros/Curso de Hipnose/Curso Elvis Pimentel/Cursos que pensei em criar/Primeiras Ideias de Curso/Aumente suas vendas on
Arquivo vazio (0 byte) — reenviar,Icon_,Livros/Curso de Hipnose/Curso Elvis Pimentel/Cursos que pensei em criar/Primeiras Ideias de Curso/Aumente suas vendas on-line/6 - Optin Page/Lead magnet,Livros/Curso de Hipnose/Curso Elvis Pimentel/Cursos que pensei em criar/Primeiras Ideias de Curso/Aumente suas vendas on
Arquivo vazio (0 byte) — reenviar,Icon_,Livros/Curso de Hipnose/Curso Elvis Pimentel/Cursos que pensei em criar/Primeiras Ideias de Curso/Aumente suas vendas on-line/6 - Optin Page/css,Livros/Curso de Hipnose/Curso Elvis Pimentel/Cursos que pensei em criar/Primeiras Ideias de Curso/Aumente suas vendas on
Arquivo vazio (0 byte) — reenviar,Icon_,Livros/Curso de Hipnose/Curso Elvis Pimentel/Cursos que pensei em criar/Primeiras Ideias de Curso/Aumente suas vendas on-line/6 - Optin Page/images,Livros/Curso de Hipnose/Curso Elvis Pimentel/Cursos que pensei em criar/Primeiras Ideias de Curso/Aumente suas vendas on
Arquivo vazio (0 byte) — reenviar,Icon_,Livros/Curso de Hipnose/Curso Elvis Pimentel/Cursos que pensei em criar/Primeiras Ideias de Curso/Aumente suas vendas on-line/7 - Graphics/Banners,Livros/Curso de Hipnose/Curso Elvis Pimentel/Cursos que pensei em criar/Primeiras Ideias de Curso/Aumente suas vendas on
Arquivo vazio (0 byte) — reenviar,Icon_,Livros/Curso de Hipnose/Curso Elvis Pimentel/Cursos que pensei em criar/Primeiras Ideias de Curso/Aumente suas vendas on-line/7 - Graphics/Banners/GIF,Livros/Curso de Hipnose/Curso Elvis Pimentel/Cursos que pensei em criar/Primeiras Ideias de Curso/Aumente suas vendas on
Arquivo vazio (0 byte) — reenviar,Icon_,Livros/Curso de Hipnose/Curso Elvis Pimentel/Cursos que pensei em criar/Primeiras Ideias de Curso/Aumente suas vendas on-line/7 - Graphics/Banners/JPG,Livros/Curso de Hipnose/Curso Elvis Pimentel/Cursos que pensei em criar/Primeiras Ideias de Curso/Aumente suas vendas on
Arquivo vazio (0 byte) — reenviar,Icon_,Livros/Curso de Hipnose/Curso Elvis Pimentel/Cursos que pensei em criar/Primeiras Ideias de Curso/Aumente suas vendas on-line/7 - Graphics/Images/Arrows & Bullets,Livros/Curso de Hipnose/Curso Elvis Pimentel/Cursos que pensei em criar/Primeiras Ideias de Curso/Aumente suas vendas on
Arquivo vazio (0 byte) — reenviar,Icon_,Livros/Curso de Hipnose/Curso Elvis Pimentel/Cursos que pensei em criar/Primeiras Ideias de Curso/Aumente suas vendas on-line/7 - Graphics/Images/Buttons,Livros/Curso de Hipnose/Curso Elvis Pimentel/Cursos que pensei em criar/Primeiras Ideias de Curso/Aumente suas vendas on
Arquivo vazio (0 byte) — reenviar,Icon_,Livros/Curso de Hipnose/Curso Elvis Pimentel/Cursos que pensei em criar/Primeiras Ideias de Curso/Aumente suas vendas on-line/7 - Graphics/Images/Flat,Livros/Curso de Hipnose/Curso Elvis Pimentel/Cursos que pensei em criar/Primeiras Ideias de Curso/Aumente suas vendas on
Arquivo vazio (0 byte) — reenviar,Icon_,Livros/Curso de Hipnose/Curso Elvis Pimentel/Cursos que pensei em criar/Primeiras Ideias de Curso/Aumente suas vendas on-line/7 - Graphics/Images/eCovers,Livros/Curso de Hipnose/Curso Elvis Pimentel/Cursos que pensei em criar/Primeiras Ideias de Curso/Aumente suas vendas on
Arquivo vazio (0 byte) — reenviar,Icon_,Livros/Curso de Hipnose/Curso Elvis Pimentel/Cursos que pensei em criar/Primeiras Ideias de Curso/Aumente suas vendas on-line/7 - Graphics/Images/eCovers/Box,Livros/Curso de Hipnose/Curso Elvis Pimentel/Cursos que pensei em criar/Primeiras Ideias de Curso/Aumente suas vendas on
Arquivo vazio (0 byte) — reenviar,Icon_,Livros/Curso de Hipnose/Curso Elvis Pimentel/Cursos que pensei em criar/Primeiras Ideias de Curso/Aumente suas vendas on-line/7 - Graphics/Images/eCovers/Bundle,Livros/Curso de Hipnose/Curso Elvis Pimentel/Cursos que pensei em criar/Primeiras Ideias de Curso/Aumente suas vendas on
Arquivo vazio (0 byte) — reenviar,Icon_,Livros/Curso de Hipnose/Curso Elvis Pimentel/Cursos que pensei em criar/Primeiras Ideias de Curso/Aumente suas vendas on-line/7 - Graphics/Images/eCovers/Checklist,Livros/Curso de Hipnose/Curso Elvis Pimentel/Cursos que pensei em criar/Primeiras Ideias de Curso/Aumente suas vendas on
Arquivo vazio (0 byte) — reenviar,Icon_,Livros/Curso de Hipnose/Curso Elvis Pimentel/Cursos que pensei em criar/Primeiras Ideias de Curso/Aumente suas vendas on-line/7 - Graphics/Images/eCovers/DVD,Livros/Curso de Hipnose/Curso Elvis Pimentel/Cursos que pensei em criar/Primeiras Ideias de Curso/Aumente suas vendas on
Arquivo vazio (0 byte) — reenviar,Icon_,Livros/Curso de Hipnose/Curso Elvis Pimentel/Cursos que pensei em criar/Primeiras Ideias de Curso/Aumente suas vendas on-line/7 - Graphics/Images/eCovers/Ebook,Livros/Curso de Hipnose/Curso Elvis Pimentel/Cursos que pensei em criar/Primeiras Ideias de Curso/Aumente suas vendas on
Arquivo vazio (0 byte) — reenviar,Icon_,Livros/Curso de Hipnose/Curso Elvis Pimentel/Cursos que pensei em criar/Primeiras Ideias de Curso/Aumente suas vendas on-line/7 - Graphics/Images/eCovers/Ebook Stacked,Livros/Curso de Hipnose/Curso Elvis Pimentel/Cursos que pensei em criar/Primeiras Ideias de Curso/Aumente suas vendas on
Arquivo vazio (0 byte) — reenviar,Icon_,Livros/Curso de Hipnose/Curso Elvis Pimentel/Cursos que pensei em criar/Primeiras Ideias de Curso/Aumente suas vendas on-line/7 - Graphics/Images/eCovers/Lead Magnet,Livros/Curso de Hipnose/Curso Elvis Pimentel/Cursos que pensei em criar/Primeiras Ideias de Curso/Aumente suas vendas on
Arquivo vazio (0 byte) — reenviar,Icon_,Livros/Curso de Hipnose/Curso Elvis Pimentel/Cursos que pensei em criar/Primeiras Ideias de Curso/Aumente suas vendas on-line/7 - Graphics/Images/eCovers/Report,Livros/Curso de Hipnose/Curso Elvis Pimentel/Cursos que pensei em criar/Primeiras Ideias de Curso/Aumente suas vendas on
Arquivo vazio (0 byte) — reenviar,Icon_,Livros/Curso de Hipnose/Curso Elvis Pimentel/Cursos que pensei em criar/Primeiras Ideias de Curso/Aumente suas vendas on-line/7 - Graphics/Images/eCovers/Resource Cheat Sheet,Livros/Curso de Hipnose/Curso Elvis Pimentel/Cursos que pensei em criar/Primeiras Ideias de Curso/Aumente suas vendas on
Arquivo vazio (0 byte) — reenviar,Icon_,Livros/Curso de Hipnose/Curso Elvis Pimentel/Cursos que pensei em criar/Primeiras Ideias de Curso/Aumente suas vendas on-line/9 - Social Media Images/JPG,Livros/Curso de Hipnose/Curso Elvis Pimentel/Cursos que pensei em criar/Primeiras Ideias de Curso/Aumente suas vendas on
Arquivo vazio (0 byte) — reenviar,Icon_,Livros/Curso de Hipnose/Curso Elvis Pimentel/Cursos que pensei em criar/Primeiras Ideias de Curso/Como Ganhar Dinheiro com um Blog,Livros/Curso de Hipnose/Curso Elvis Pimentel/Cursos que pensei em criar/Primeiras Ideias de Curso/Como Ganhar Dinheiro c
Arquivo vazio (0 byte) — reenviar,Icon_,Livros/Curso de Hipnose/Curso Elvis Pimentel/Cursos que pensei em criar/Primeiras Ideias de Curso/Emails Milionários,Livros/Curso de Hipnose/Curso Elvis Pimentel/Cursos que pensei em criar/Primeiras Ideias de Curso/Emails Milionários/Ic
Arquivo vazio (0 byte) — reenviar,Icon_,Livros/Curso de Hipnose/Curso Elvis Pimentel/Cursos que pensei em criar/Primeiras Ideias de Curso/Plano de Negócios para empresas na internet,Livros/Curso de Hipnose/Curso Elvis Pimentel/Cursos que pensei em criar/Primeiras Ideias de Curso/Plano de Negócios par
Arquivo vazio (0 byte) — reenviar,A Arte de Curar pela Radiestesia - Sávio Mendonça.pdf,📂𝑩𝒊𝒃𝒍𝒊𝒐𝒕𝒉𝒆𝒄𝒂 𝑨𝒍𝒆𝒙𝒂𝒏𝒅𝒓𝒊𝒏𝒂📍,📂𝑩𝒊𝒃𝒍𝒊𝒐𝒕𝒉𝒆𝒄𝒂 𝑨𝒍𝒆𝒙𝒂𝒏𝒅𝒓𝒊𝒏𝒂📍/A Arte de Curar pela Radiestesia - Sávio Mendonça.pdf
Arquivo vazio (0 byte) — reenviar,CURSO+DE+RADIESTESIA+E+RADIÔNICA.pdf,📂𝑩𝒊𝒃𝒍𝒊𝒐𝒕𝒉𝒆𝒄𝒂 𝑨𝒍𝒆𝒙𝒂𝒏𝒅𝒓𝒊𝒏𝒂📍,📂𝑩𝒊𝒃𝒍𝒊𝒐𝒕𝒉𝒆𝒄𝒂 𝑨𝒍𝒆𝒙𝒂𝒏𝒅𝒓𝒊𝒏𝒂📍/CURSO+DE+RADIESTESIA+E+RADIÔNICA.pdf
Arquivo vazio (0 byte) — reenviar,manual radiestesia.pdf,📂𝑩𝒊𝒃𝒍𝒊𝒐𝒕𝒉𝒆𝒄𝒂 𝑨𝒍𝒆𝒙𝒂𝒏𝒅𝒓𝒊𝒏𝒂📍,📂𝑩𝒊𝒃𝒍𝒊𝒐𝒕𝒉𝒆𝒄𝒂 𝑨𝒍𝒆𝒙𝒂𝒏𝒅𝒓𝒊𝒏𝒂📍/manual radiestesia.pdf
Arquivo vazio (0 byte) — reenviar,radiestesia prática ilustrada 2 - antónio rodrigues.pdf,📂𝑩𝒊𝒃𝒍𝒊𝒐𝒕𝒉𝒆𝒄𝒂 𝑨𝒍𝒆𝒙𝒂𝒏𝒅𝒓𝒊𝒏𝒂📍,📂𝑩𝒊𝒃𝒍𝒊𝒐𝒕𝒉𝒆𝒄𝒂 𝑨𝒍𝒆𝒙𝒂𝒏𝒅𝒓𝒊𝒏𝒂📍/radiestesia prática ilustrada 2 - antónio rodrigues.pdf
Falha na conversão para PDF,Libellus Magicus.doc,Hermetismo e Esoterismo/_Sem autor identificado,conversão passou de 300s
Grande demais para um lote — enviar separado ou dividir,Autores Classicos 1.pdf,,"~1083291 palavras > meta 450000; EXCEDE o teto do NotebookLM por fonte (200 MB / 500000 palavras): não cabe nem sozinho,"
Grande demais para um lote — enviar separado ou dividir,Autores Classicos 2.pdf,,~496065 palavras > meta 450000
Grande demais para um lote — enviar separado ou dividir,Autores Classicos 3.pdf,,"~1051644 palavras > meta 450000; EXCEDE o teto do NotebookLM por fonte (200 MB / 500000 palavras): não cabe nem sozinho,"
Grande demais para um lote — enviar separado ou dividir,Autores Classicos 4.pdf,,"~1589010 palavras > meta 450000; EXCEDE o teto do NotebookLM por fonte (200 MB / 500000 palavras): não cabe nem sozinho,"
Grande demais para um lote — enviar separado ou dividir,Autores Classicos 5.pdf,,"~885694 palavras > meta 450000; EXCEDE o teto do NotebookLM por fonte (200 MB / 500000 palavras): não cabe nem sozinho, "
Grande demais para um lote — enviar separado ou dividir,Autores Classicos 6.pdf,,"~1165842 palavras > meta 450000; EXCEDE o teto do NotebookLM por fonte (200 MB / 500000 palavras): não cabe nem sozinho,"
Grande demais para um lote — enviar separado ou dividir,Autores Modernos 1.pdf,,"~904411 palavras > meta 450000; EXCEDE o teto do NotebookLM por fonte (200 MB / 500000 palavras): não cabe nem sozinho, "
Grande demais para um lote — enviar separado ou dividir,Autores Modernos 3.pdf,,"~1407540 palavras > meta 450000; EXCEDE o teto do NotebookLM por fonte (200 MB / 500000 palavras): não cabe nem sozinho,"
Grande demais para um lote — enviar separado ou dividir,Autores modernos 2.pdf,,"~1273772 palavras > meta 450000; EXCEDE o teto do NotebookLM por fonte (200 MB / 500000 palavras): não cabe nem sozinho,"
Grande demais para um lote — enviar separado ou dividir,LIvros de Mitologia.pdf,,"~1169016 palavras > meta 450000; EXCEDE o teto do NotebookLM por fonte (200 MB / 500000 palavras): não cabe nem sozinho,"
Grande demais para um lote — enviar separado ou dividir,LIvros do Helio Couto.pdf,,"~1395054 palavras > meta 450000; EXCEDE o teto do NotebookLM por fonte (200 MB / 500000 palavras): não cabe nem sozinho,"
Grande demais para um lote — enviar separado ou dividir,Livros do Joseph Murphy.pdf,,"~696128 palavras > meta 450000; EXCEDE o teto do NotebookLM por fonte (200 MB / 500000 palavras): não cabe nem sozinho, "
Grande demais para um lote — enviar separado ou dividir,Livros do Osho.pdf,,"~1703907 palavras > meta 450000; EXCEDE o teto do NotebookLM por fonte (200 MB / 500000 palavras): não cabe nem sozinho,"
Grande demais para um lote — enviar separado ou dividir,Tudo sobre o Caos.pdf,,"~1281591 palavras > meta 450000; EXCEDE o teto do NotebookLM por fonte (200 MB / 500000 palavras): não cabe nem sozinho,"
Grande demais para um lote — enviar separado ou dividir,Swami Satyananda Saraswati-A Systematic Course in the Ancient Tantric Techniques of Yoga and Kriya-Yoga Publications Trust Munger (2006).pdf,Cabala e Misticismo/Swami Satyananda Saraswati,~457822 palavras > meta 450000
Grande demais para um lote — enviar separado ou dividir,Cristianismo Místico e Esotérico.pdf,Cabala e Misticismo/_Sem autor identificado,"~1567374 palavras > meta 450000; EXCEDE o teto do NotebookLM por fonte (200 MB / 500000 palavras): não cabe nem sozinho,"
Grande demais para um lote — enviar separado ou dividir,Tratado de Ciência da Cabala.pdf,Cabala e Misticismo/_Sem autor identificado,"~595320 palavras > meta 450000; EXCEDE o teto do NotebookLM por fonte (200 MB / 500000 palavras): não cabe nem sozinho, "
Grande demais para um lote — enviar separado ou dividir,Zohar.pdf,Cabala e Misticismo/_Sem autor identificado,"~679983 palavras > meta 450000; EXCEDE o teto do NotebookLM por fonte (200 MB / 500000 palavras): não cabe nem sozinho, "
Grande demais para um lote — enviar separado ou dividir,Zohar_merged.pdf,Cabala e Misticismo/_Sem autor identificado,"~1979347 palavras > meta 450000; EXCEDE o teto do NotebookLM por fonte (200 MB / 500000 palavras): não cabe nem sozinho,"
Grande demais para um lote — enviar separado ou dividir,35928301-Tres-Livros-de-Filosofia-Oculta-Agripa.pdf,Filosofia/_Sem autor identificado,~473976 palavras > meta 450000
Grande demais para um lote — enviar separado ou dividir,Livros de Alice Balley.pdf,Hermetismo e Esoterismo/Alice Bailey,"~2846637 palavras > meta 450000; EXCEDE o teto do NotebookLM por fonte (200 MB / 500000 palavras): não cabe nem sozinho,"
Grande demais para um lote — enviar separado ou dividir,DKMU_-_The_DKMU_Egregores.pdf,Hermetismo e Esoterismo/_Sem autor identificado,"tamanho 319.5 MB > meta 180 MB; EXCEDE o teto do NotebookLM por fonte (200 MB / 500000 palavras): não cabe nem sozinho, "
Grande demais para um lote — enviar separado ou dividir,Livros de Hermetismo e Ocultismo I.pdf,Hermetismo e Esoterismo/_Sem autor identificado,"~815974 palavras > meta 450000; EXCEDE o teto do NotebookLM por fonte (200 MB / 500000 palavras): não cabe nem sozinho, "
Grande demais para um lote — enviar separado ou dividir,Livros de Hermetismo e Ocultismo II.pdf,Hermetismo e Esoterismo/_Sem autor identificado,"~955269 palavras > meta 450000; EXCEDE o teto do NotebookLM por fonte (200 MB / 500000 palavras): não cabe nem sozinho, "
Grande demais para um lote — enviar separado ou dividir,"História geral da Africa, V.pdf",História e Sociedade/_Sem autor identificado,~458026 palavras > meta 450000
Grande demais para um lote — enviar separado ou dividir,Trilogia das Almas - Deborah Harkness.pdf,Livros,"~634249 palavras > meta 450000; EXCEDE o teto do NotebookLM por fonte (200 MB / 500000 palavras): não cabe nem sozinho, "
Grande demais para um lote — enviar separado ou dividir,urantia.pdf,Livros,"~1100390 palavras > meta 450000; EXCEDE o teto do NotebookLM por fonte (200 MB / 500000 palavras): não cabe nem sozinho,"
Grande demais para um lote — enviar separado ou dividir,Curso de Direito Administrativo 2016 Carvalho Filho.pdf,NÃO CLASSIFICADO/NÃO CLASSIFICADO 2/Livros Diversos 2,"~615780 palavras > meta 450000; EXCEDE o teto do NotebookLM por fonte (200 MB / 500000 palavras): não cabe nem sozinho, "
Grande demais para um lote — enviar separado ou dividir,Trilogia Millenium - Stieg Larsson.pdf,NÃO CLASSIFICADO/NÃO CLASSIFICADO 2/Livros Diversos 7,~495988 palavras > meta 450000
Grande demais para um lote — enviar separado ou dividir,Victor Hugo - Os Miseraveis.pdf,NÃO CLASSIFICADO/NÃO CLASSIFICADO 2/Livros Diversos 7,"~548472 palavras > meta 450000; EXCEDE o teto do NotebookLM por fonte (200 MB / 500000 palavras): não cabe nem sozinho, "
Grande demais para um lote — enviar separado ou dividir,Brian Kibuuka - A Torá Comentada.pdf,Religião e Teologia/Brian Kibuuka,"~700052 palavras > meta 450000; EXCEDE o teto do NotebookLM por fonte (200 MB / 500000 palavras): não cabe nem sozinho, "
Grande demais para um lote — enviar separado ou dividir,biblia - Joao Ferreira de Almeida.pdf,Religião e Teologia/João Ferreira de Almeida,"~777925 palavras > meta 450000; EXCEDE o teto do NotebookLM por fonte (200 MB / 500000 palavras): não cabe nem sozinho, "
Grande demais para um lote — enviar separado ou dividir,The Heart of buddhist Meditation - Satipatthna - A Handbook of Mental Training Based on the buddha s Way of Mindfulness PDF.pdf,Saúde e Corpo/_Sem autor identificado,"~1159800 palavras > meta 450000; EXCEDE o teto do NotebookLM por fonte (200 MB / 500000 palavras): não cabe nem sozinho,"
Grande demais para um lote — enviar separado ou dividir,lovecraft_complete.pdf,📂𝑩𝒊𝒃𝒍𝒊𝒐𝒕𝒉𝒆𝒄𝒂 𝑨𝒍𝒆𝒙𝒂𝒏𝒅𝒓𝒊𝒏𝒂📍,"~679190 palavras > meta 450000; EXCEDE o teto do NotebookLM por fonte (200 MB / 500000 palavras): não cabe nem sozinho, "
Lote com erro — rodar Retomar de novo,FEITIÇO PARA PROSPERIDADE FINANCEIRA.pdf,📂𝑩𝒊𝒃𝒍𝒊𝒐𝒕𝒉𝒆𝒄𝒂 𝑨𝒍𝒆𝒙𝒂𝒏𝒅𝒓𝒊𝒏𝒂📍,'>=' not supported between instances of 'DictionaryObject' and 'int'
Lote com erro — rodar Retomar de novo,FESTIVAL DE DOZE DIAS PARA HADES.pdf,📂𝑩𝒊𝒃𝒍𝒊𝒐𝒕𝒉𝒆𝒄𝒂 𝑨𝒍𝒆𝒙𝒂𝒏𝒅𝒓𝒊𝒏𝒂📍,'>=' not supported between instances of 'DictionaryObject' and 'int'
Lote com erro — rodar Retomar de novo,FIOS DE CONTAS MÃE BEATA.pdf,📂𝑩𝒊𝒃𝒍𝒊𝒐𝒕𝒉𝒆𝒄𝒂 𝑨𝒍𝒆𝒙𝒂𝒏𝒅𝒓𝒊𝒏𝒂📍,'>=' not supported between instances of 'DictionaryObject' and 'int'
Lote com erro — rodar Retomar de novo,Fábula dos Gênios.pdf,📂𝑩𝒊𝒃𝒍𝒊𝒐𝒕𝒉𝒆𝒄𝒂 𝑨𝒍𝒆𝒙𝒂𝒏𝒅𝒓𝒊𝒏𝒂📍,'>=' not supported between instances of 'DictionaryObject' and 'int'
Lote com erro — rodar Retomar de novo,"Feiticarias, Talismas e Amuletos (autoria desconhecida).pdf",📂𝑩𝒊𝒃𝒍𝒊𝒐𝒕𝒉𝒆𝒄𝒂 𝑨𝒍𝒆𝒙𝒂𝒏𝒅𝒓𝒊𝒏𝒂📍,'>=' not supported between instances of 'DictionaryObject' and 'int'
Lote com erro — rodar Retomar de novo,Feiticinhos de Prosperidade.pdf.pdf,📂𝑩𝒊𝒃𝒍𝒊𝒐𝒕𝒉𝒆𝒄𝒂 𝑨𝒍𝒆𝒙𝒂𝒏𝒅𝒓𝒊𝒏𝒂📍,'>=' not supported between instances of 'DictionaryObject' and 'int'
Lote com erro — rodar Retomar de novo,Feitiços Rápidos.pdf,📂𝑩𝒊𝒃𝒍𝒊𝒐𝒕𝒉𝒆𝒄𝒂 𝑨𝒍𝒆𝒙𝒂𝒏𝒅𝒓𝒊𝒏𝒂📍,'>=' not supported between instances of 'DictionaryObject' and 'int'
Lote com erro — rodar Retomar de novo,File1.pdf,📂𝑩𝒊𝒃𝒍𝒊𝒐𝒕𝒉𝒆𝒄𝒂 𝑨𝒍𝒆𝒙𝒂𝒏𝒅𝒓𝒊𝒏𝒂📍,'>=' not supported between instances of 'DictionaryObject' and 'int'
Lote com erro — rodar Retomar de novo,fatura ceub agosto.pdf,📂𝑩𝒊𝒃𝒍𝒊𝒐𝒕𝒉𝒆𝒄𝒂 𝑨𝒍𝒆𝒙𝒂𝒏𝒅𝒓𝒊𝒏𝒂📍,'>=' not supported between instances of 'DictionaryObject' and 'int'
Lote com erro — rodar Retomar de novo,fcde6703-3877-4161-8901-683a6941fdb1.pdf,📂𝑩𝒊𝒃𝒍𝒊𝒐𝒕𝒉𝒆𝒄𝒂 𝑨𝒍𝒆𝒙𝒂𝒏𝒅𝒓𝒊𝒏𝒂📍,'>=' not supported between instances of 'DictionaryObject' and 'int'
Lote com erro — rodar Retomar de novo,fenrir-issue1-120yf.pdf,📂𝑩𝒊𝒃𝒍𝒊𝒐𝒕𝒉𝒆𝒄𝒂 𝑨𝒍𝒆𝒙𝒂𝒏𝒅𝒓𝒊𝒏𝒂📍,'>=' not supported between instances of 'DictionaryObject' and 'int'
Lote com erro — rodar Retomar de novo,fenrir-issue1-121yf.pdf,📂𝑩𝒊𝒃𝒍𝒊𝒐𝒕𝒉𝒆𝒄𝒂 𝑨𝒍𝒆𝒙𝒂𝒏𝒅𝒓𝒊𝒏𝒂📍,'>=' not supported between instances of 'DictionaryObject' and 'int'
Lote com erro — rodar Retomar de novo,fenrir-issue1-123yf.pdf,📂𝑩𝒊𝒃𝒍𝒊𝒐𝒕𝒉𝒆𝒄𝒂 𝑨𝒍𝒆𝒙𝒂𝒏𝒅𝒓𝒊𝒏𝒂📍,'>=' not supported between instances of 'DictionaryObject' and 'int'
Lote com erro — rodar Retomar de novo,fenrir-issue4-124yf.pdf,📂𝑩𝒊𝒃𝒍𝒊𝒐𝒕𝒉𝒆𝒄𝒂 𝑨𝒍𝒆𝒙𝒂𝒏𝒅𝒓𝒊𝒏𝒂📍,'>=' not supported between instances of 'DictionaryObject' and 'int'
Lote com erro — rodar Retomar de novo,floraisbach.pdf,📂𝑩𝒊𝒃𝒍𝒊𝒐𝒕𝒉𝒆𝒄𝒂 𝑨𝒍𝒆𝒙𝒂𝒏𝒅𝒓𝒊𝒏𝒂📍,'>=' not supported between instances of 'DictionaryObject' and 'int'
Lote com erro — rodar Retomar de novo,floraisbachdicionario.pdf,📂𝑩𝒊𝒃𝒍𝒊𝒐𝒕𝒉𝒆𝒄𝒂 𝑨𝒍𝒆𝒙𝒂𝒏𝒅𝒓𝒊𝒏𝒂📍,'>=' not supported between instances of 'DictionaryObject' and 'int'
Lote com erro — rodar Retomar de novo,floraisbachfotos.pdf,📂𝑩𝒊𝒃𝒍𝒊𝒐𝒕𝒉𝒆𝒄𝒂 𝑨𝒍𝒆𝒙𝒂𝒏𝒅𝒓𝒊𝒏𝒂📍,'>=' not supported between instances of 'DictionaryObject' and 'int'
Lote com erro — rodar Retomar de novo,floraisbachmanualbasico.pdf,📂𝑩𝒊𝒃𝒍𝒊𝒐𝒕𝒉𝒆𝒄𝒂 𝑨𝒍𝒆𝒙𝒂𝒏𝒅𝒓𝒊𝒏𝒂📍,'>=' not supported between instances of 'DictionaryObject' and 'int'
PDF com senha,"Cópia de BLAVATSKY, H. P - Curso de Filosofia Esotérica (senha-sofia).pdf",Filosofia/H. P. Blavatsky,PDF exige senha para abrir; não foi mesclado [v2]
PDF com senha,protocolo 3.pdf,Livros/Ocultism,PDF exige senha para abrir; não foi mesclado [v2]
PDF com senha,protocolo 4.pdf,Livros/Ocultism,PDF exige senha para abrir; não foi mesclado [v2]
PDF defeituoso (não abre),wu-wei-a-arte-de-viver-o-tao-fischer.pdf,,não abre: AttributeError: 'NullObject' object has no attribute 'get' [v2]
PDF defeituoso (não abre),SeuSignoeSuasVidasPassadas-ElaineBernardes.pdf,Cabala e Misticismo/Elaine Bernardes,não abre: AttributeError: 'NullObject' object has no attribute 'get' [v2]
PDF defeituoso (não abre),Os_Segredos Sagrados do Tarot_Roberto Caldeira.pdf,Cabala e Misticismo/Roberto Caldeira,não abre: AttributeError: 'NullObject' object has no attribute 'get' [v2]
PDF defeituoso (não abre),Livro Cabalistico de Cura - Zohar Pinchas.pdf,Cabala e Misticismo/Zohar Pinchas,não abre: AttributeError: 'NullObject' object has no attribute 'get' [v2]
PDF defeituoso (não abre),"Cópia de BLAVATSKY, H. P. - As Origens do Ritual na Igreja e na Maçonaria.pdf",Filosofia/H. P. Blavatsky,não abre: AttributeError: 'NullObject' object has no attribute 'get' [v2]
PDF defeituoso (não abre),Leadbeater - Auxiliares invisiveis.pdf,Hermetismo e Esoterismo/Leadbeater,não abre: AttributeError: 'NullObject' object has no attribute 'get' [v2]
PDF defeituoso (não abre),um_manual_pratico_de_magia.pdf,Hermetismo e Esoterismo/_Sem autor identificado,não abre: AttributeError: 'NullObject' object has no attribute 'get' [v2]
PDF defeituoso (não abre),O guia do hacker brasileiro.pdf,NÃO CLASSIFICADO/NÃO CLASSIFICADO 2/Livros Diversos 5,não abre: AttributeError: 'NullObject' object has no attribute 'get' [v2]
PDF defeituoso (não abre),A Força dos Sentimentos.pdf,Psicologia e Arquétipos/_Sem autor identificado,não abre: AttributeError: 'NullObject' object has no attribute 'get' [v2]
PDF defeituoso (não abre),El_Libro_Rojo_-_L_C_Saint_Martin.pdf,Religião e Teologia/L. C. Saint Martin,não abre: AttributeError: 'NullObject' object has no attribute 'get' [v2]
PDF defeituoso (não abre),Baixar gratis ebook A Alquimia - R. Roney Resseti.pdf,📂𝑩𝒊𝒃𝒍𝒊𝒐𝒕𝒉𝒆𝒄𝒂 𝑨𝒍𝒆𝒙𝒂𝒏𝒅𝒓𝒊𝒏𝒂📍,não abre: AttributeError: 'NullObject' object has no attribute 'get' [v2]
PDF defeituoso (não abre),"COELHO, Paulo. As Valkirias..pdf",📂𝑩𝒊𝒃𝒍𝒊𝒐𝒕𝒉𝒆𝒄𝒂 𝑨𝒍𝒆𝒙𝒂𝒏𝒅𝒓𝒊𝒏𝒂📍,não abre: AttributeError: 'NullObject' object has no attribute 'get' [v2]
PDF defeituoso (não abre),Curso de Astrologia.pdf,📂𝑩𝒊𝒃𝒍𝒊𝒐𝒕𝒉𝒆𝒄𝒂 𝑨𝒍𝒆𝒙𝒂𝒏𝒅𝒓𝒊𝒏𝒂📍,não abre: AttributeError: 'NullObject' object has no attribute 'get' [v2]
PDF defeituoso (não abre),Elaine_Bernardes_(Seu_Signo_e_Suas_Vidas_Passadas).pdf,📂𝑩𝒊𝒃𝒍𝒊𝒐𝒕𝒉𝒆𝒄𝒂 𝑨𝒍𝒆𝒙𝒂𝒏𝒅𝒓𝒊𝒏𝒂📍,não abre: AttributeError: 'NullObject' object has no attribute 'get' [v2]
PDF defeituoso (não abre),Os-Florais-Do-Dr-Bach.pdf,📂𝑩𝒊𝒃𝒍𝒊𝒐𝒕𝒉𝒆𝒄𝒂 𝑨𝒍𝒆𝒙𝒂𝒏𝒅𝒓𝒊𝒏𝒂📍,não abre: AttributeError: 'NullObject' object has no attribute 'get' [v2]
PDF escaneado (precisa de OCR),,,Cabala e Misticismo_lote_033_df5a84.pdf: sem texto extraível suficiente: precisa de OCR
PDF escaneado (precisa de OCR),,,Cabala e Misticismo_lote_049_a80c65.pdf: sem texto extraível suficiente: precisa de OCR
PDF escaneado (precisa de OCR),fenrir-journal-of-satanism-and-the-sinister-vol-3-no-3-104-yf.pdf,📂𝑩𝒊𝒃𝒍𝒊𝒐𝒕𝒉𝒆𝒄𝒂 𝑨𝒍𝒆𝒙𝒂𝒏𝒅𝒓𝒊𝒏𝒂📍,provável digitalização sem texto extraível: precisa de OCR (palavras estimadas por padrão)
