livro,arquivo_final
036 - SHIMON HALEVI - A Ã rvore da Vida.pdf,Cabala e Misticismo_lote_046_c1ccd6.pdf
054 - Zev Ben Shimeon Halevi - O Ungido(1).pdf,Hermetismo e Esoterismo_lote_036_7d8c7a.pdf
176109315-Manual-Introductorio-a-la-Ginecologia-Natural-Pabla-Perez-San-Martin.pdf,Saúde e Corpo_lote_005_d22c3f.pdf
21_Ways_to_Read_a_Tarot_Card.pdf,Sem tema_lote_013_8c465a.pdf
229452311-Bardon-Franz-Introduccion-a-La-Magia.pdf,Hermetismo e Esoterismo_lote_025_ba9f47.pdf
466109268-atividades-Inteligencia-Emocional-criancas-1-pdf.pdf,Sem tema_lote_001_d7a1f7.pdf
681865460-Pdfcoffee-com-Incarnation-Crosses-the-Global-Incarnation-Indexpdf-PDF-Free.pdf,Sem tema_lote_001_d7a1f7.pdf
717662717-Bruce-H-Lipton-A-Biologia-da-Crenc-a-O-poder-da-concie-ncia-sobre-a-mate-ria-e-os-milagres-Butterfly-Editora-2007.pdf,Física Quântica e Ciência_lote_002_529fdb.pdf
74612832-La-Practica-de-La-Evocacion-Magica-Franz-Bardon-Scan-1.pdf,Hermetismo e Esoterismo_lote_025_ba9f47.pdf
A Divina Sabedoria dos Mestres - Brian Weiss.pdf,Sem tema_lote_017_3ec867.pdf
A Estrutura da Magia.pdf,Sem tema_lote_017_3ec867.pdf
A Magia de Hecate.pdf,Sem tema_lote_018_a3b165.pdf
"ADLER, Alfred -A Ciência Da Natureza Humana (Companhia Editora Nacional, 1945).pdf",Psicologia e Arquétipos_lote_002_537aa8.pdf
ANGELIC_WISDOM_CONCERNING_THE_DIVINE_PROVIDENCE_by_Emanuel_Swedenborg.pdf,Religião e Teologia_lote_004_226cd7.pdf
"AUGRAS, Monique - O Ser da Compreensão (Vozes, 1986).pdf",Desenvolvimento Pessoal_lote_016_92d298.pdf
Aleister Crowley (Comentarios) - Tao te Ching.pdf,Hermetismo e Esoterismo_lote_019_0801da.pdf
Aradia - O Evangelho das Bruxas - Charles G. Leland.pdf,Sem tema_lote_022_3a2c94.pdf
Arcanjo Uriel.pdf,Sem tema_lote_002_be1b47.pdf
Arnold Krumm-Heller - Biorritmo.pdf,Hermetismo e Esoterismo_lote_020_16aff3.pdf
Austin Osman Spare - Book of Automatic Drawings.pdf,Cabala e Misticismo_lote_020_afd26b.pdf
"BOLEN, J. S. O Milionésimo Círculo.pdf",Sem tema_lote_026_51d862.pdf
"BOYESEN, Gerda, BOADELLA, David - Cadernos de Psicologia Biodinâmica 2 (Summus, 1983).pdf",Psicologia e Arquétipos_lote_009_5691ba.pdf
"BOYESEN, Gerda, PIERRAKOS, John C. - Cadernos de Psicologia Biodinâmica 3 (Summus, 1983).pdf",Psicologia e Arquétipos_lote_009_5691ba.pdf
Baixar Livro A Cabala Prática - Charles Fielding.pdf,Cabala e Misticismo_lote_020_afd26b.pdf
Bruno Giordano - Mundo Magia Memoria.pdf,Hermetismo e Esoterismo_lote_021_186cf0.pdf
Budge Wallis - Magia Egipcia.pdf,Hermetismo e Esoterismo_lote_021_186cf0.pdf
Byrne - O Segredo.pdf,Desenvolvimento Pessoal_lote_004_2b08b7.pdf
C.W. Leadbeater - A Vida Oculta Na Maconaria.pdf,Hermetismo e Esoterismo_lote_022_ea6bcb.pdf
"CASHMAN, John - LSD (Perspectiva, 1980).pdf",Física Quântica e Ciência_lote_006_edeb1b.pdf
Charge of the Goddess - Doreen Valiente(1).pdf,Religião e Teologia_lote_003_40801e.pdf
Contato Com Dragões.pdf,Hermetismo e Esoterismo_lote_004_4cb9ba.pdf
Cópia de Tabela de Florais.PDF,Sem tema_lote_027_f98dd3.pdf
De Vinculis In Genere - Giordano Bruno.pdf,Hermetismo e Esoterismo_lote_029_a95bb1.pdf
DocGo.Net-Homens em tempos sombrios - Hannah Arendt.pdf.pdf,História e Sociedade_lote_011_a15f50.pdf
DocGo.Net-Magia Lunar - Ritual Lunar de Cura.pdf,Cabala e Misticismo_lote_006_6bb144.pdf
Domínio do Yin.pdf,Sem tema_lote_004_426e87.pdf
Draconomicon pt - O livro dos dragões.pdf,Sem tema_lote_030_853f0f.pdf
Dragon Rouge - Magical Course 1.0.pdf,Sem tema_lote_031_ed2c3e.pdf
Dragon Rouge - Magical Course 2.0.pdf,Cabala e Misticismo_lote_006_6bb144.pdf
"EDINGER, Edward F. - A Criação da Consciência (Pensamento).pdf",Filosofia_lote_002_d28723.pdf
ENG_Card_FirstMenstruation.pdf,Sem tema_lote_031_ed2c3e.pdf
Eleggua Mensajero de Olofin.pdf,Sem tema_lote_031_ed2c3e.pdf
Elementos da Deusa - Caitlin Matthews(1).pdf,Cabala e Misticismo_lote_020_afd26b.pdf
Ethos - Austin-Osman-Spare.pdf,Cabala e Misticismo_lote_007_db07e6.pdf
"FONTANA,, Alberto - Psicoterapi com LSD e Outros Alucinógenos (Editora Mestre Jou, 1969).pdf",Psicologia e Arquétipos_lote_002_537aa8.pdf
Fernando moretti - Os Essênios e o Manuscritos do Mar Morto.pdf,Cabala e Misticismo_lote_024_13d606.pdf
Formulario de Alta Magia.pdf,Hermetismo e Esoterismo_lote_006_bbe163.pdf
Franz Bardon - La Practica de La Evocacion Magica (2).pdf,Hermetismo e Esoterismo_lote_026_cdc93f.pdf
Franz Bardon - La Practica de La Evocacion Magica - Sigilos.pdf,Hermetismo e Esoterismo_lote_026_cdc93f.pdf
Franz Bardon - Questions and Answers - The Great Arcanum.pdf,Cabala e Misticismo_lote_025_cb3bbb.pdf
"GAIARSA, José Angelo - Couraça Muscular do Caráter (1984).pdf",Psicologia e Arquétipos_lote_010_045af1.pdf
Grant Outside the Circles of Time.pdf,Sem tema_lote_034_c44da4.pdf
Great Leads - Michael Masterson & John Forde.pdf,Vendas e Negócios_lote_005_7790d3.pdf
Harpas Eternas Vol. 1.pdf,Sem tema_lote_059_2c64df.pdf
Harpas Eternas Vol. 2.pdf,Sem tema_lote_060_09e2bc.pdf
Helio Couto - Marketing e Arquetipos.pdf,Vendas e Negócios_lote_004_bf12ac.pdf
Hipnose de Impacto.pdf,Psicologia e Arquétipos_lote_001_998f42.pdf
História da MAgia - Eliphas Levi.pdf,História e Sociedade_lote_011_a15f50.pdf
IF_UMA_FILOSOFIA_DE_VIDA.pdf_filename_= UTF-8_IF_C3_81_20UMA_20FILOSOFIA_20DE_20VIDA.pdf.pdf,Sem tema_lote_037_df9510.pdf
John Seymour - O Livro da Autosuficiencia.pdf,Desenvolvimento Pessoal_lote_013_8d5a78.pdf
"KLEIN, Naomi - A Doutrina do Choque (2007, Nova Fronteira).pdf",História e Sociedade_lote_013_2b504d.pdf
"LOWEN, Alexander - A Espiritualidade Do Corpo (1990).pdf",Física Quântica e Ciência_lote_006_edeb1b.pdf
"LOWEN, Alexander - Narcisismo - Negação do Verdadeiro Self (1983).pdf",Física Quântica e Ciência_lote_007_25492c.pdf
Le crocodile Saint Martin.pdf,Sem tema_lote_073_14eb5c.pdf
Livro - Fundamentos da Programação de Computadores.pdf,Sem tema_lote_092_6af579.pdf
Luigi.Serafini.-.Codex.Seraphinianus.pdf,Sem tema_lote_040_67948f.pdf
MAGIA DOS SIMBOLOS ! (Antônio Di Profio).pdf,Hermetismo e Esoterismo_lote_020_16aff3.pdf
Magia - Rhonda Byrne.pdf,Cabala e Misticismo_lote_043_381d18.pdf
Magia Sexual - Randolph Pascal-Beverly.pdf,Cabala e Misticismo_lote_042_efa555.pdf
Manual Magico de Kabbala Pratica.pdf,Cabala e Misticismo_lote_009_90e70f.pdf
Manual de Campo do Psiconauta - ptbr.pdf,Sem tema_lote_026_51d862.pdf
Manual de Programção Neurolinguística PNL - Joseph O'Connor.pdf,Sem tema_lote_007_96dac6.pdf
Marcelo Del Debbio - Kabbalah Hermética.pdf,Cabala e Misticismo_lote_033_df5a84.pdf
Maria Navalha - Significados das cartas de Maria Navalha.pdf,Sem tema_lote_062_9b7b39.pdf
Mutus Liber (o livro mudo).pdf,Cabala e Misticismo_lote_009_90e70f.pdf
"NISSIM, Rina. Manual de Ginecología Natural para Mujeres.pdf",Sem tema_lote_044_9d9c26.pdf
Neville Goddard - Tudo que Quiser é Seu.pdf,Desenvolvimento Pessoal_lote_019_6173fb.pdf
Nocturnicon - Konstantinos.pdf,Sem tema_lote_044_9d9c26.pdf
Norberto Peixoto - Exu - O Poder Organizador do Caos.pdf,Cabala e Misticismo_lote_039_1e308b.pdf
Numerologia Oculta - Cornelio Agrippa.pdf,Sem tema_lote_067_70bc5d.pdf
O Culto das Bruxas na Europa Ocidental - Margaret Murray.pdf,História e Sociedade_lote_013_2b504d.pdf
O Eu sem defesas - cap 6  Eu-máscara0001.pdf,Sem tema_lote_045_26622b.pdf
O Incrível Livro das Verdades - Sociedade Discordiana Fnordiana.pdf,Sem tema_lote_045_26622b.pdf
O Significado da Bruxaria - Gerald Gardner.pdf,Hermetismo e Esoterismo_lote_028_c0096b.pdf
O chicote do Caos.pdf,Hermetismo e Esoterismo_lote_015_f346b2.pdf
O poder da magia - Israel Regardie.pdf,Hermetismo e Esoterismo_lote_030_d61e35.pdf
O rastreador de ilusoes.pdf,Sem tema_lote_010_e0b36b.pdf
"OWEN, Lara. Seu Sangue é Ouro - Resgatando o Poder da Menstruação.pdf",Desenvolvimento Pessoal_lote_025_40fbd9.pdf
Oito Sabás para Bruxas - Janet e Stewart Farrar.pdf,Sem tema_lote_046_9827cc.pdf
Os Mistérios Wiccanos - Raven Grimassi.pdf,Cabala e Misticismo_lote_043_381d18.pdf
Osho - ALÉM DAS FRONTEIRAS DA MENTE (119pg).pdf,Desenvolvimento Pessoal_lote_021_72a996.pdf
"REICH, Eva, BOYESEN, Gerda - Cadernos de Psicologia Biodinâmica 1 (Summus, 1983).pdf",Psicologia e Arquétipos_lote_008_9402ef.pdf
"REICH, Wilhelm - O Experimento Bíons - Sobre a Origem da Vida (1938).pdf",Saúde e Corpo_lote_006_4a4b6d.pdf
"REICH, Wilhelm - Pessoas em Dificuldades (1976).pdf",Saúde e Corpo_lote_006_4a4b6d.pdf
Raja Yoga de Swami Vivekananda.pdf,Sem tema_lote_048_3038dd.pdf
Revista Sophia - Eros e Psiquê.pdf,Sem tema_lote_066_21aa3e.pdf
Ritual da Chama Sagrada de Osíris.pdf,Hermetismo e Esoterismo_lote_018_85ab05.pdf
Roteiro de Atendimento - Hipnose Ericksoniana.pdf,Sem tema_lote_066_21aa3e.pdf
Runas Nórdicas em Cartas - Página Inteira - Sinfonia da Lua.pdf,Sem tema_lote_049_19a766.pdf
Runas Nórdicas em Cartas - Sinfonia da Lua.pdf,Cabala e Misticismo_lote_019_02c5dc.pdf
Schure_Edouard_-_Grecia_Libro_3.pdf,Cabala e Misticismo_lote_023_ec9225.pdf
ShimonHalevi-ArvoreDaVida.pdf,Cabala e Misticismo_lote_046_c1ccd6.pdf
Slide do Curso - Hipnose Ericksoniana.pdf,Desenvolvimento Pessoal_lote_003_2b9fe8.pdf
Steganographia - Johannes Trithemius.pdf,Hermetismo e Esoterismo_lote_030_d61e35.pdf
The Book of Sitra Achra 1.pdf,Cabala e Misticismo_lote_011_89c9ff.pdf
The Goddess Sekhmet - Psycho-Spiritual Exercises of the Fifth Way - Robert Masters(1).pdf,Psicologia e Arquétipos_lote_012_93cb45.pdf
"The Secrets Of Prana, Pranayama & Yoga Asanas - Swami Narayanananda 1959.pdf",Saúde e Corpo_lote_005_d22c3f.pdf
"Timothy Leary - Entrevista a RE-Search, 1988.pdf",Sem tema_lote_066_21aa3e.pdf
Tratado elemental de magia.pdf,Sem tema_lote_069_e15197.pdf
Tratado elementar de ciência ocultas - Papus.pdf,Hermetismo e Esoterismo_lote_034_a823f2.pdf
Trezes Metas Wicca.pdf,Sem tema_lote_052_ab222f.pdf
Zohar - Trechos da Semana.pdf,Cabala e Misticismo_lote_049_79d972.pdf
a-casa-mc3a1gica-scott-cunningham[1].pdf,Cabala e Misticismo_lote_045_2d88c7.pdf
bashar-the-formula.pdf,Sem tema_lote_057_148ed1.pdf
cartas do taro.pdf,Cabala e Misticismo_lote_003_42334c.pdf
curso-de-introduc3a7c3a3o-ao-tarc3b4-aton-gondim[1].pdf,Cabala e Misticismo_lote_005_83fb32.pdf
deusavivasetembro2014.pdf,Sem tema_lote_028_dceb55.pdf
drlshotters.pdf,Sem tema_lote_031_ed2c3e.pdf
fenrir-journal-of-satanism-and-the-sinister-vol-2-no-1-101-yf.pdf,Cabala e Misticismo_lote_007_db07e6.pdf
fenrir-journal-of-satanism-and-the-sinister-vol-3-no-2-104-yf.pdf,Cabala e Misticismo_lote_007_db07e6.pdf
fenrir-journal-of-satanism-and-the-sinister-vol-4-no-11-107-yf.pdf,Hermetismo e Esoterismo_lote_006_bbe163.pdf
gareth_knight_-_tarot_and_magi.pdf,Cabala e Misticismo_lote_025_cb3bbb.pdf
hacker-inside-vol-5.pdf,Sem tema_lote_091_81e7af.pdf
magia-paracelso-siete_libros_archidoxa_magica.pdf,Sem tema_lote_073_14eb5c.pdf
manualdaservasciclosfemininos.pdf,Saúde e Corpo_lote_002_93ba77.pdf
materiais--workshop--mesa--de--sao--miguel--arcanjo.pdf,Sem tema_lote_062_9b7b39.pdf
mesa_simbolos.pdf,Sem tema_lote_062_9b7b39.pdf
mesa_simbolos_pb.pdf,Sem tema_lote_062_9b7b39.pdf
nightside of eden.pdf,Sem tema_lote_044_9d9c26.pdf
o grimório gótico.pdf,Hermetismo e Esoterismo_lote_015_f346b2.pdf
pdfcoffee.com_comece-pelo-porque-simon-sinek-1pdf-pdf-free.pdf,Vendas e Negócios_lote_007_e891c2.pdf
pdfcoffee.com_conversando-com-deuspdf-pdf-free.pdf,Sem tema_lote_010_e0b36b.pdf
pdfcoffee.com_djairo-g-figueiredo-analise-de-fourier-e-edp-pdf-free.pdf,Sem tema_lote_065_8af4bf.pdf
pdfcoffee.com_encontre-seu-porque-simon-sinek-72-pdf-free.pdf,Vendas e Negócios_lote_008_9d81c7.pdf
servicoshotters.pdf,Sem tema_lote_050_e38cfb.pdf
"the complete book of incense oils and brews, scott cunningham.pdf",Sem tema_lote_052_ab222f.pdf
the_psychonaut_field_manual__portuguese_version_pd_by_bluefluke-dacvlj7.pdf,Psicologia e Arquétipos_lote_001_998f42.pdf
