id,tempo_real,tipo,descricao
V01,0:00.0,video,V01 cold open turbulento (8s) → depois o hook
m002,0:08.0,estrutura,HOOK
q-mecanismo,0:16.9,overlay,"q-mecanismo (quote, 6.3s)"
m004,0:20.7,ref-visual,"mesa antiga de madeira maciça, câmera deslizando até uma ranhura sob o tampo"
m005,0:20.7,estrutura,IDENTIDADE
P1,0:20.7,abertura-fixa,Entra vídeo P1 (já existe)
P2,1:02.3,abertura-fixa,Entra vídeo P2 (já existe)
m008,1:27.3,estrutura,CONVITE — Toque 1
convite-1,1:41.9,overlay,"convite-1 (invite, 4.2s)"
m010,1:45.0,estrutura,BLOCO 1 — A mesa e a ranhura
V02,2:12.7,video,V02 Bloco 1: a mesa se abre (10s)
m012,2:32.0,ref-visual,a mesa se abrindo e revelando o relógio astronômico (vídeo gerado)
m013,2:52.4,quebra,"corta pra plano mais fechado, tom mais baixo, pausa curta depois de ""como quem olha pra mesa"""
q-codigo,3:31.3,overlay,"q-codigo (quote, 3.4s)"
arq-zohar,4:06.3,overlay,"arq-zohar (archive, 5.0s)"
m016,4:06.3,ref-visual,"montagem rápida, 1 segundo cada: manuscrito do Zohar, foto de Helena Blavatsky, foto de Neville Goddard, foto de Gregg Braden (foto limpa, sem marca de terceiros)"
m017,4:44.0,estrutura,"BLOCO 2 — Bereshit: emanação, não cronologia"
genesis-hebraico,5:19.7,overlay,"genesis-hebraico (diagram, 6.5s)"
V03,5:49.1,video,V03 Bloco 2: Bereshit como emanação (8s)
q-forca,5:58.1,overlay,"q-forca (quote, 9.9s)"
fases,6:30.1,overlay,"fases (diagram, 22.9s)"
q-camadas,7:16.0,overlay,"q-camadas (quote, 4.8s)"
m023,7:26.8,quebra,"corte seco pra tela escura, só o número 4 por um segundo, e volta pro seu rosto"
m024,7:26.8,estrutura,BLOCO 3 — O quatro dentro de você: Gregg Braden e o DNA
braden,7:39.3,overlay,"braden (author, 5.0s)"
tetragrama,7:47.4,overlay,"tetragrama (diagram, 5.0s)"
braden-mapa,8:07.2,overlay,"braden-mapa (diagram, 20.1s)"
helice,8:34.7,overlay,"helice (diagram, 5.0s)"
V04,8:34.7,video,"V04 Bloco 3: quatro elementos, quatro letras, quatro bases (8s)"
q-bases,8:43.0,overlay,"q-bases (quote, 6.1s)"
m031,9:05.0,quebra,"respira, olha pra câmera, silêncio de 2 segundos antes de ""Como ler a tela do programador do universo."""
m032,9:06.9,estrutura,BLOCO 4 — A luz que foi ocultada
V05,9:25.0,video,V05 Bloco 4: a luz ocultada (6s)
q-restricao,9:28.5,overlay,"q-restricao (quote, 5.4s)"
m035,9:51.1,ref-visual,luz intensa sendo filtrada por um véu (b-roll gerado)
m036,10:20.1,estrutura,BLOCO 5 — Dois relatos e o Adão que não acordou
blavatsky,10:21.2,overlay,"blavatsky (author, 5.0s)"
goddard,11:01.3,overlay,"goddard (author, 5.0s)"
arq-adao,11:32.2,overlay,"arq-adao (archive, 5.0s)"
q-adao,11:51.6,overlay,"q-adao (quote, 4.3s)"
m041,11:53.3,quebra,"pausa de 2 segundos depois de ""Adão ainda está dormindo."""
V06,11:55.3,video,V06 Bloco 5: o Adão que não acordou (10s)
q-esquecer,13:11.7,overlay,"q-esquecer (quote, 4.6s)"
m044,13:14.9,estrutura,BLOCO 6 — A queda e a serpente
V07,13:14.9,video,V07 Bloco 6 e 7: a descida da consciência e o traje biológico (10s)
levi,14:29.5,overlay,"levi (author, 5.0s)"
q-queda,14:36.9,overlay,"q-queda (quote, 8.0s)"
bailey,14:52.4,overlay,"bailey (author, 5.0s)"
m049,14:55.3,estrutura,BLOCO 7 — As túnicas de pele e a espada flamejante
q-traje,15:56.3,overlay,"q-traje (quote, 5.9s)"
arq-astronauta,16:10.1,overlay,"arq-astronauta (archive, 5.0s)"
V08,16:13.5,video,V08 Bloco 7: a espada flamejante e o caminho (8s)
zayn,16:30.3,overlay,"zayn (diagram, 23.2s)"
q-lamina,17:10.1,overlay,"q-lamina (quote, 8.3s)"
deldebbio,17:12.4,overlay,"deldebbio (author, 5.0s)"
m056,17:15.2,estrutura,BLOCO 8 — Caim e Abel: a dualidade na mente
m057,18:06.9,quebra,tom mais baixo e mais lento; a luz da cena abaixa antes de entrar no TEN
m058,18:06.9,estrutura,TEN — virada principal: a chave é a emoção coerente
V09,18:19.8,video,V09 TEN: o livro de Raziel (8s)
q-credenciais,18:34.9,overlay,"q-credenciais (quote, 5.6s)"
arq-raziel,18:48.4,overlay,"arq-raziel (archive, 5.0s)"
deepak,19:18.4,overlay,"deepak (author, 5.0s)"
V10,19:21.5,video,"V10 TEN: a emoção coerente e o lado sombrio, Qlippoth (10s)"
q-teclado,19:50.8,overlay,"q-teclado (quote, 6.4s)"
m065,20:40.3,ref-visual,Árvore da Vida com o lado sombrio (Qlippoth) em contraste
q-fechadura,21:20.0,overlay,"q-fechadura (quote, 6.7s)"
m067,21:24.6,quebra,"silêncio de 3 segundos depois da frase, plano fechado, sem música"
m068,21:27.5,estrutura,CTA — logo depois da virada
cta-acesso,21:44.3,overlay,"cta-acesso (invite, 8.7s)"
m070,22:24.8,estrutura,CONVITE — Toque 2
convite-2,22:27.7,overlay,"convite-2 (invite, 3.0s)"
m072,22:55.2,estrutura,KETSU — fechamento
V11,22:55.2,video,V11 Ketsu: a mesa aberta e o logo (6s)
q-operar,23:42.3,overlay,"q-operar (quote, 3.3s)"
m075,23:44.3,ref-visual,"a mesa aberta, engrenagens girando, fade para o logo do canal"
